agriculture_11	agri11-u1-chk5	agri11-u1-l1-3	agri11-u1-l1-4	Under the scientific classification of production constraints, crop physiology, altitude, 
agriculture_11	agri11-u2-chk1	agri11-u2-l2-1	agri11-u2-l2-2	Under standard soil profile classification, which horizon is known as the zone of accumula
agriculture_11	agri11-u2-chk5	agri11-u2-l2-3	agri11-u2-l2-2	Which of the following cations is known to cause clay dispersion, breaking down soil aggre
agriculture_11	agri11-u2-l2-3-mx1	agri11-u2-l2-3	agri11-u2-l2-2	Soil having exchangeable sodium percentage (ESP) $$> 15\%$$, electrical conductivity (EC) 
agriculture_11	agri11-u2-chk7	agri11-u2-l2-4	agri11-u2-l2-2	What is the recommended chemical amendment used to reclaim sodic soils by supplying Calciu
agriculture_11	agri11-u2-chk9	agri11-u2-l2-5	agri11-u2-l2-4	What percentage of the annual precipitation (rainfall) in dry regions is estimated to be l
agriculture_11	agri11-u3-chk2	agri11-u3-l3-1	agri11-u3-l3-2	Which of the following field crops is a native pulse (legume) domesticated in the Abyssini
agriculture_11	agri11-u3-chk5	agri11-u3-l3-3	agri11-u3-l3-5	Which specialized branch of horticulture deals specifically with the study, production, an
agriculture_11	agri11-u3-chk10	agri11-u3-l3-5	agri11-u3-l3-4	Which of the following field crops is classified as an annual crop, completing its entire 
agriculture_12	agri12-u2-chk2	agri12-u2-l2-1	agri12-u2-l2-2	A forest that has recovered naturally after a major disturbance (such as logging or fire) 
agriculture_12	agri12-u2-chk81	agri12-u2-l2-5	agri12-u2-l2-2	Which of the following is an invasive alien plant species that has aggressively displaced 
agriculture_12	agri12-u3-chk75	agri12-u3-l3-2	agri12-u3-l3-3	Which of the following is classified as a physical (mechanical) soil and water conservatio
agriculture_12	agri12-u3-l3-2-mx1	agri12-u3-l3-2	agri12-u3-l3-3	The advanced stage of rill erosion is;
agriculture_12	agri12-u4-chk1	agri12-u4-l4-1	agri12-u4-l4-2	A complete inventory of physical assets and their monetary values should be prepared by a 
agriculture_12	agri12-u4-chk2	agri12-u4-l4-1	agri12-u4-l4-2	Under what conditions is a farm said to be insolvent or bankrupt on its balance sheet?
agriculture_12	agri12-u4-chk78	agri12-u4-l4-4	agri12-u4-l4-2	Which of the following are considered non-cash costs and are therefore excluded from a cas
biology_10	bio10-u4-chk2	bio10-u4-l4-1	bio10-u4-l4-2	Which of the following immunological states is established when a child naturally contract
biology_10	bio10-u5-chk1	bio10-u5-l5-1	bio10-u5-l5-2	Which of the following physical changes occurs in the thoracic cavity during active inhala
biology_10	bio10-u5-chk2	bio10-u5-l5-1	bio10-u5-l5-3	Where are the enzymes responsible for carrying out glycolysis (the first stage of both aer
biology_10	bio10-u5-chk4	bio10-u5-l5-2	bio10-u5-l5-1	Which of the following structures acts as a common passageway connecting the mouth and nas
biology_10	bio10-u5-l5-4-mx1	bio10-u5-l5-4	bio10-u5-l5-2	As part of muscular system, diaphragm is used primarily to
biology_10	bio10-u8-l8-3-mx1	bio10-u8-l8-3	bio10-u8-l8-1	The function of myelin sheath in the nervous system is primarily to
biology_11	bio11-u2-chk5	bio11-u2-l2-3	bio11-u2-l2-2	Which male accessory sex gland secretes a thin, alkaline fluid containing proteolytic enzy
biology_11	bio11-u2-chk7	bio11-u2-l2-4	bio11-u2-l2-1	During oogenesis, the unequal division of cytoplasm results in the production of which of 
biology_11	bio11-u6-chk7	bio11-u6-l6-4	bio11-u6-l6-3	Which single layer of cells in the root cross-section contains the waterproof Casparian st
biology_12	bio12-u1-chk76	bio12-u1-l1-3	bio12-u1-l1-2	In which phase of mitotic cell division do sister chromatids separate to become daughter c
biology_12	bio12-u1-chk77	bio12-u1-l1-3	bio12-u1-l1-2	What structure is formed along the equator of a plant cell during cytokinesis to divide th
biology_12	bio12-u1-chk81	bio12-u1-l1-5	bio12-u1-l1-3	In genetics, the physical appearance or visible characteristics of an organism are referre
biology_12	bio12-u3-chk76	bio12-u3-l3-3	bio12-u3-l3-2	Which biological processes drive the rapid cycling of carbon between the atmosphere and or
biology_12	bio12-u3-chk81	bio12-u3-l3-5	bio12-u3-l3-4	Which type of ecological pyramid compares the rate of energy flow through each trophic lev
biology_12	bio12-u3-l3-5-mx1	bio12-u3-l3-5	bio12-u3-l3-3	A type of symbiotic association in which one organism benefits & the other one is harmed
biology_12	bio12-u3-chk82	bio12-u3-l3-6	bio12-u3-l3-3	In a food chain, green plants (producers) are classified as occupying which of the followi
biology_12	bio12-u3-chk83	bio12-u3-l3-6	bio12-u3-l3-4	On average, what percentage of energy from one trophic level is successfully incorporated 
biology_9	bio9-u1-chk1	bio9-u1-l1-1	bio9-u1-l1-2	Which organelle is correctly paired with its main cellular function?
biology_9	bio9-u1-chk2	bio9-u1-l1-1	bio9-u1-l1-2	Which of the following is a key structural feature that distinguishes prokaryotic cells fr
biology_9	bio9-u1-chkM3	bio9-u1-l1-1	bio9-u1-l1-2	Which statement correctly describes the cell theory?
biology_9	bio9-u1-chk5	bio9-u1-l1-3	bio9-u1-l1-4	Which of the following describes the shape of bacilli bacteria?
biology_9	bio9-u1-chk7	bio9-u1-l1-4	bio9-u1-l1-5	Which of the following diseases is caused by a bacterial pathogen?
biology_9	bio9-u2-l2-2-mx1	bio9-u2-l2-2	bio9-u2-l2-1	Which of the following is the correct sequence of classification in ascending order?
biology_9	bio9-u3-chk5	bio9-u3-l3-3	bio9-u3-l3-2	What is the cell organelle where aerobic cellular respiration takes place in eukaryotic ce
biology_9	bio9-u4-chk2	bio9-u4-l4-1	bio9-u4-l4-2	Plants like water lilies that live submerged or floating on water are classified as:
biology_9	bio9-u4-chk5	bio9-u4-l4-3	bio9-u4-l4-2	An air plant, such as an orchid, that grows upon another plant for physical support but do
biology_9	bio9-u4-chk6	bio9-u4-l4-3	bio9-u4-l4-2	What is the name of the thick, waxy outer layer on the leaves and stems of land plants tha
business_economics_10	be10-u1-chk75	be10-u1-l1-1	be10-u1-l1-2	An entrepreneur starting a sole proprietorship faces which of the following legal financia
business_economics_10	be10-u1-l1-1-mx1	be10-u1-l1-1	be10-u1-l1-2	A business organization in which all decisions are made by a single owner is
business_economics_10	be10-u1-chk76	be10-u1-l1-2	be10-u1-l1-3	Which mode of transport is the most appropriate and cost-effective for moving extremely bu
business_economics_10	be10-u1-l1-2-mx1	be10-u1-l1-2	be10-u1-l1-3	Which of the following types of transportation systems is appropriate to transport heavy a
business_economics_10	be10-u2-chk74	be10-u2-l2-2	be10-u2-l2-1	Paper currency and coins that are decreed by a government as legal tender but are not back
business_economics_10	be10-u3-chk77	be10-u3-l3-3	be10-u3-l3-6	Which of the following is considered a permanent (real) account and is therefore NOT close
business_economics_10	be10-u3-l3-4-mx1	be10-u3-l3-4	be10-u3-l3-5	The adjusting entry to record depreciation of equipment is:
business_economics_11	be11-u1-chk77	be11-u1-l1-2	be11-u1-l1-1	Monopolistic competition is characterized by:
business_economics_11	be11-u1-chk80	be11-u1-l1-4	be11-u1-l1-3	If the price of commodity 'A' rises and the quantity demanded for commodity 'B' increases,
business_economics_11	be11-u1-l1-4-mx1	be11-u1-l1-4	be11-u1-l1-3	Other things being equal, if an increase in the price of oranges increases the demand for 
business_economics_11	be11-u2-chk79	be11-u2-l2-4	be11-u2-l2-6	On a merchandising worksheet, the debit and credit adjusting entries for the Income Summar
business_economics_11	be11-u2-chk83	be11-u2-l2-6	be11-u2-l2-7	Which of the following accounts is a permanent (real) account and is not closed at the end
business_economics_12	be12-u1-chk76	be12-u1-l1-3	be12-u1-l1-2	In the consumption function, the 45-degree reference line represents the points where:
business_economics_12	be12-u1-l1-3-mx1	be12-u1-l1-3	be12-u1-l1-2	Linear $$ 45^0 $$ line of consumption function indicates
business_economics_12	be12-u1-chk78	be12-u1-l1-4	be12-u1-l1-3	A public good is economically characterized by which of the following properties?
business_economics_12	be12-u2-chk76	be12-u2-l2-3	be12-u2-l2-1	A customer's cheque that is deposited but returned by the bank because the customer's bank
chemistry_10	chem10-u2-chk2	chem10-u2-l2-1	chem10-u2-l2-2	Which of the following bonds is classified as a polar covalent bond based on electronegati
chemistry_10	chem10-u4-chk4	chem10-u4-l4-2	chem10-u4-l4-1	Which of the following chemical formulas represents a strong acid?
chemistry_10	chem10-u4-chk9	chem10-u4-l4-5	chem10-u4-l4-1	Which gas is rapidly released when acids react with metal carbonates or metal bicarbonates
chemistry_11	chem11-u3-chk73	chem11-u3-l3-1	chem11-u3-l3-2	Carbon monoxide is manufactured in the laboratory by the dehydration of which acid in the 
chemistry_11	chem11-u4-chk1	chem11-u4-l4-1	chem11-u4-l4-4	In a Blast Furnace, the primary chemical species acting as the reducing agent to convert i
chemistry_11	chem11-u4-chk-all3	chem11-u4-l4-8	chem11-u4-l4-4	Stainless steel resists rusting because it contains:
chemistry_12	chem12-u3-chk80	chem12-u3-l3-5	chem12-u3-l3-1	What type of radioactive emission consists of high-energy, high-speed electrons?
chemistry_12	chem12-u3-chk81	chem12-u3-l3-5	chem12-u3-l3-6	What is the primary commercial purpose of food irradiation using gamma rays from Cobalt-60
chemistry_12	chem12-u3-chk82	chem12-u3-l3-6	chem12-u3-l3-1	What is the primary factor that dictates the stability of a given atomic nucleus?
chemistry_12	chem12-u3-l3-6-mx1	chem12-u3-l3-6	chem12-u3-l3-1	The main factor that affects stability of a nucleus is the
chemistry_9	chem9-u3-chk5	chem9-u3-l3-3	chem9-u3-l3-5	What type of reaction occurs when active Potassium metal reacts with water to form Potassi
geography_10	geo10-u3-chk9	geo10-u3-l3-5	geo10-u3-l3-6	People who cross international borders to enter and settle in a new country are classified
geography_10	geo10-u3-chk11	geo10-u3-l3-6	geo10-u3-l3-3	According to the United Nations demographic statistics of 2009, the average population den
geography_10	geo10-u3-chk12	geo10-u3-l3-6	geo10-u3-l3-3	The pattern of population distribution in countries like Great Britain and Germany was his
geography_10	geo10-u3-l3-6-mx1	geo10-u3-l3-6	geo10-u3-l3-3	If the calculated population density of place ‘X’ is in between 25 and 150 persons per squ
geography_11	geo11-u1-chk76	geo11-u1-l1-3	geo11-u1-l1-2	Which type of plate boundary is also referred to as a "constructive" boundary?
geography_11	geo11-u1-l1-3-mx1	geo11-u1-l1-3	geo11-u1-l1-2	A plate boundary formed when two plates move away from each other is called
geography_11	geo11-u1-chk79	geo11-u1-l1-4	geo11-u1-l1-3	In a symmetrical fold, the upper arch-like fold is structurally called a/an:
geography_11	geo11-u1-chk80	geo11-u1-l1-5	geo11-u1-l1-4	Which type of fault is formed when tensional forces pull the crust apart, causing the hang
geography_11	geo11-u1-l1-5-mx1	geo11-u1-l1-5	geo11-u1-l1-4	The majority of mountains in Africa are constructed through volcanic eruptions but Mount R
geography_11	geo11-u2-chk2	geo11-u2-l2-1	geo11-u2-l2-2	The narrow, shallow channel cut in soil at a river's source is called a/an:
geography_11	geo11-u3-chk1	geo11-u3-l3-1	geo11-u3-l3-2	Which geomorphic wave erosion process involves the physical throwing of boulders and pebbl
geography_11	geo11-u3-chk73	geo11-u3-l3-1	geo11-u3-l3-2	The precise margin of land at which active wave action takes place is specifically defined
geography_12	geo12-u3-chk5	geo12-u3-l3-3	geo12-u3-l3-4	Which wind system is dry and stable, blowing across Eritrea during the northern hemisphere
geography_12	geo12-u3-chk6	geo12-u3-l3-3	geo12-u3-l3-4	The warm upslope winds generated along valley sides during the daytime due to solar heatin
geography_12	geo12-u3-l3-3-mx1	geo12-u3-l3-3	geo12-u3-l3-4	In winter, Eritrea is under the influence of the
geography_12	geo12-u4-chk2	geo12-u4-l4-1	geo12-u4-l4-2	Which of the following is a non-native exotic tree species introduced to Eritrea that caus
geography_12	geo12-u4-chk4	geo12-u4-l4-3	geo12-u4-l4-2	Which slow-growing highland forest tree species is native to the Eritrean high plateau?
geography_12	geo12-u4-chk9	geo12-u4-l4-5	geo12-u4-l4-4	Through photosynthesis, forest trees act as major carbon sinks by absorbing which atmosphe
geography_12	geo12-u5-l5-3-mx1	geo12-u5-l5-3	geo12-u5-l5-1	The dominant types of soils in the coastal plains are:
geography_9	geo9-u2-chk3	geo9-u2-l2-2	geo9-u2-l2-1	According to the Big Bang Theory, the universe originated approximately how many billion y
geography_9	geo9-u3-chk8	geo9-u3-l3-4	geo9-u3-l3-6	The planetary winds that blow from the sub-tropical high-pressure belts (30 degrees N/S) t
geography_9	geo9-u3-l3-4-mx1	geo9-u3-l3-4	geo9-u3-l3-6	Trade winds originate from ___________ and blow to _________________.
mathematics_10	math10-u2-chk7c3	math10-u2-l2-1	math10-u2-l2-4	What is the converse of the statement: "If a triangle is isosceles, then two of its sides 
mathematics_10	math10-u4-chk7c3	math10-u4-l4-1	math10-u4-l4-2	Find the distance between the coordinate points $$P(2, 4)$$ and $$Q(2, 10)$$ using the Dis
mathematics_10	math10-u5-chk1	math10-u5-l5-1	math10-u5-l5-2	What is the perimeter of a regular decagon (10-sided polygon) inscribed in a circle of rad
mathematics_10	math10-u5-chk2	math10-u5-l5-1	math10-u5-l5-2	Find the area of a regular hexagon with a side length of $$4\text{ cm}$$.
mathematics_11	math11-u1-chk76	math11-u1-l1-3	math11-u1-l1-4	For what value of $$k$$ is $$(x + 3)$$ a factor of the polynomial $$P(x) = x^3 + kx^2 - 10
mathematics_11	math11-u1-chk78	math11-u1-l1-4	math11-u1-l1-1	What is the axis of symmetry of the graph of $$y = 2x^2 + 5x + 6$$?
mathematics_11	math11-u2-chk74	math11-u2-l2-2	math11-u2-l2-1	What is the starting point of the graph of $$g(x) = \sqrt{2x - 8} + 3$$?
mathematics_11	math11-u2-chk79	math11-u2-l2-4	math11-u2-l2-1	Identify the direction of opening and the starting point of the graph of $$y = \sqrt{3 - x
mathematics_12	math12-u2-chkE1	math12-u2-l2-1	math12-u2-l2-2	A researcher studies the health status of students in a school and classifies the data as 
mathematics_9	math9-u1-chk4	math9-u1-l1-2	math9-u1-l1-3	How many proper subsets does a set with 5 elements have?
mathematics_9	math9-u1-chk6	math9-u1-l1-3	math9-u1-l1-4	Let $$A = \{1, 2, 3, 4\}$$ and $$B = \{3, 4, 5, 6\}$$. Find $$A \cap B$$.
mathematics_9	math9-u3-chk6	math9-u3-l3-3	math9-u3-l3-5	Solve the system of equations by elimination: $$x + y = 5$$ and $$x - y = 1$$.
mathematics_9	math9-u6-chk4	math9-u6-l6-2	math9-u6-l6-3	What is the mathematical definition of the Tangent ratio ($$\tan A$$)?
mathematics_9	math9-u7-chk3	math9-u7-l7-2	math9-u7-l7-1	Convert the percentage $$68\%$$ into its simplest fraction form.
mathematics_9	math9-u7-chk5	math9-u7-l7-3	math9-u7-l7-1	Find the value of $$N$$ if the ratios $$25 : N$$ and $$5 : 3$$ are proportional.
mathematics_9	math9-u7-chk7	math9-u7-l7-4	math9-u7-l7-2	A salesperson received 540 Nakfa commission for selling 10,800 Nakfa worth of goods. Find 
mathematics_9	math9-u7-chk8	math9-u7-l7-4	math9-u7-l7-2	A broker charged Senay a $$0.5\%$$ fee for assisting in buying a house worth 652,000 Nakfa
physics_10	phys10-u1-chk10	phys10-u1-l1-3	phys10-u1-l1-4	What is the SI unit of torque (moment of a force)?
physics_10	phys10-u2-chk7	phys10-u2-l2-2	phys10-u2-l2-3	In an isochoric thermodynamic process, which of the following quantities is strictly zero?
physics_10	phys10-u3-chk2	phys10-u3-l3-1	phys10-u3-l3-4	Two point charges, $$q_1$$ and $$q_2$$, are separated by distance $$r$$, experiencing an e
physics_10	phys10-u3-chk3	phys10-u3-l3-2	phys10-u3-l3-3	Which of the following charges is physically impossible for an isolated object to carry un
physics_10	phys10-u3-chk7	phys10-u3-l3-4	phys10-u3-l3-7	How many Joules are equivalent to one electron volt ($$1\text{ eV}$$)?
physics_10	phys10-u3-chk8	phys10-u3-l3-4	phys10-u3-l3-6	On an irregularly shaped charged conductor in electrostatic equilibrium, where is the surf
physics_10	phys10-u4-chk7	phys10-u4-l4-4	phys10-u4-l4-6	Which safety device is specifically designed to protect against electric shock by sensing 
physics_10	phys10-u4-chk13	phys10-u4-l4-7	phys10-u4-l4-1	A cell has an internal resistance of $$r$$. What happens to the terminal potential differe
physics_10	phys10-u5-chk1	phys10-u5-l5-1	phys10-u5-l5-5	A spherical mirror has a radius of curvature of $$R = 30.0\text{ cm}$$. What is the focal 
physics_10	phys10-u5-chk4	phys10-u5-l5-2	phys10-u5-l5-5	Under the standard sign conventions for spherical mirrors, which parameter is assigned a n
physics_10	phys10-u5-chk12	phys10-u5-l5-3	phys10-u5-l5-5	If an object is placed at the principal focus ($$F$$) of a concave mirror, where is the im
physics_11	phys11-u1-chk78	phys11-u1-l1-4	phys11-u1-l1-2	An object is placed $$30.0 \text{ cm}$$ in front of a thin converging lens with a focal le
physics_11	phys11-u3-chk83	phys11-u3-l3-6	phys11-u3-l3-3	Two waves of equal amplitude and frequency travel in the same medium. If they are exactly 
physics_12	phys12-u1-chk80	phys12-u1-l1-5	phys12-u1-l1-2	Why do our ears pop when we climb high mountains?
physics_12	phys12-u2-chk78	phys12-u2-l2-3	phys12-u2-l2-2	What fundamental physical constant relates the energy of a photon to the frequency of its 
physics_9	phys9-u3-chk3	phys9-u3-l3-3	phys9-u3-l3-2	The dimensionless ratio of the frictional force to the normal force pressing two surfaces 
physics_9	phys9-u3-chk4	phys9-u3-l3-3	phys9-u3-l3-1	If the distance between two masses is doubled, according to Newton's law of universal grav
physics_9	phys9-u4-chk7b3	phys9-u4-l4-1	phys9-u4-l4-2	A metal block of mass $$15.0\text{ kg}$$ is moving with a constant velocity of $$4.0\text{
physics_9	phys9-u4-chk2	phys9-u4-l4-2	phys9-u4-l4-3	Which of the following is the standard SI unit of power?
